video_id,delta_function,delta_pronoun,delta_ppron,delta_i,delta_we,delta_you,delta_shehe,delta_they,delta_ipron,delta_casepart,delta_auxverb,delta_adverb,delta_conj,delta_negate,delta_verb,delta_interrog,delta_number,delta_quant,delta_adjverb,delta_preadj,delta_affect,delta_posemo,delta_negemo,delta_anx,delta_anger,delta_sad,delta_social,delta_family,delta_friend,delta_female,delta_male,delta_cogproc,delta_insight,delta_cause,delta_discrep,delta_tentat,delta_certain,delta_differ,delta_percept,delta_see,delta_hear,delta_feel,delta_bio,delta_body,delta_health,delta_sexual,delta_ingest,delta_drives,delta_affiliation,delta_achieve,delta_power,delta_reward,delta_risk,delta_relativ,delta_motion,delta_space,delta_time,delta_work,delta_leisure,delta_home,delta_money,delta_relig,delta_death,delta_informal,delta_swear,delta_netspeak,delta_assent,delta_nonflu,delta_filler,delta_len
NdY2iUbqmp4,3.702587980938496,-2.5199218498187568,-0.6132756132756133,-0.26455026455026454,-0.08417508417508418,-0.03607503607503607,-0.12025012025012025,0.0,-1.9306962605931677,10.520645829924181,-1.8286696121747674,-1.717469243242439,1.1676658583875081,0.0795882239181207,-0.33223744563950763,-0.38132924730862877,-0.4104620084001528,-0.42248702042516484,0.9347277388514501,-0.7455507455507455,1.8493724679291694,1.6601954746284644,0.2974021015258127,0.47083500691748115,-0.09272895870834014,-0.02405002405002405,-1.8481327759678274,-0.06012506012506012,-0.13227513227513227,-0.02405002405002405,-0.1563251563251563,-0.26517011053093587,-0.5133564411914928,0.4831079573347614,-0.3693042352836167,0.410709946792421,0.21669815484248467,-0.958529824509206,-0.37599857187486063,-0.14938288134164424,-0.2129790789584604,-0.053182785141548006,3.219108116015332,0.8491889935188903,2.3629768475129302,0.0,1.084606496977631,2.8233984419551437,0.20281360487546052,1.252708726935531,1.0808874210936066,1.0223739605182904,0.2990137010755567,-0.7100955554563804,0.18409425625920472,-0.7538566816917331,-0.36186608351556826,1.0001834744102784,1.1720047802522027,-0.03607503607503607,0.23541750345874057,0.0,0.0,-4.978354978354979,-0.012025012025012025,-0.02405002405002405,-0.3968253968253968,-0.937950937950938,-0.49302549302549303,-7734
b--HebOnkxo,-1.4372254564118734,-1.2216057172916464,-0.3830259722325328,-0.45691077547912173,-0.11422769386978043,-0.012691965985531158,0.0,0.0,-0.5996993840006195,6.223756965614353,-1.4298976420881555,-3.5766439089339466,0.19852150569821347,-2.022333070713408,-1.4876899903493168,-0.38075897956593474,-0.9265135169437746,-0.05756884194191858,-0.11422769386978043,-0.48342820378348306,0.6420697962340784,0.17564403745008028,0.5817869489870775,0.19740397410200344,-0.026517428304361323,0.11196070120318241,0.6110183825965207,-0.038075897956593475,-0.07615179591318695,0.0,-0.17768752379743621,1.832831641470321,0.8324492860170456,1.9321163414250604,0.19740397410200344,0.49067619442176125,1.371179339075849,-0.6944341338850746,-1.3510158761327977,-0.31843264597157794,-0.5215041017400766,-0.7118835915230439,0.0532583629279646,-0.17768752379743621,0.2944057166530567,-0.025383931971062316,-0.05076786394212463,3.704904606704711,0.5493785326969789,1.7161294133517884,0.5541360243494171,0.56207049868251,0.8218008063788704,-1.25992108630457,-0.2801332416957423,0.3662470335522898,-2.007150605742037,0.43877483414633756,-0.16726255047850308,-0.05076786394212463,-0.17995451646403426,0.3012066946528508,0.25043883071072615,-2.576469095062825,0.0,0.0,-0.22845538773956087,-0.38075897956593474,-0.4315268435080594,-7084
g6VR-B0GaS4,-7.733146734629681,-2.5853121997462085,-0.17301038062283736,-0.15728216420257943,0.0,0.0,0.0,0.0,-2.4437582519638874,-1.5806857502359222,-0.5778782101075728,-1.2346114916554856,-2.205695112269507,-1.625890998110474,0.40813116690526563,-0.1100975149418056,0.42963709547990314,-0.27914909279219713,-0.002942353411953008,-0.3774771940861906,-0.14834810929719477,-0.5180146925080192,0.4168512324715983,0.1199410245381575,-0.2201950298836112,0.028514079428562877,-0.6310545608617779,-0.04718464926077383,-0.06291286568103177,-0.04718464926077383,0.0,1.470855721967931,0.31365487371419154,1.968166945922754,0.044242295848820806,0.48564880497653606,0.45419237213602026,-0.46494533642333935,0.368757128519857,-0.3774771940861906,-0.4875747090279962,-0.2732643859682911,1.1336620209581163,-0.1110069696327729,0.7875342650429156,-0.015728216420257943,0.6026474761027405,1.6732896367102992,0.0412999424368678,1.787238959755025,0.5269487474134038,0.7225885006408981,0.2526679120846199,-1.2865574037101473,0.26941257786537065,-1.0488152480243433,-0.8374472783765912,-0.34206195847322884,-0.2575361695480331,0.05997051226907875,-0.15728216420257943,0.0,-0.031456432840515886,-2.9913034732609622,0.0,0.0,-0.1887385970430953,-0.9279647687952186,-0.38041954749814366,-5770
79WKMD-3vMM,1.2114795951177513,-1.3891702357525946,-0.27780993170505847,-0.23150827642088204,0.0,-0.011575413821044102,-0.011575413821044102,0.0,-1.1692373731527568,10.287166724543738,-3.9589924888425876,-2.662465756067446,2.8233961621072394,-1.2386898560790216,2.55736260626873,-0.3357271932193798,-0.7177158493138353,-0.12740993684968682,-4.019240910085875e-05,-0.33568700081027897,0.034324317372123936,-0.023351789687592328,0.2776089696595543,0.41663451273938595,-0.05791726151432136,-0.15048037967357333,4.212767359905339,-0.12732955203148513,-0.03472624146313231,-0.06945248292626462,0.0,2.418337063188898,1.990609445537678,2.2567635786034907,-0.38198865609445537,0.0809073195200063,-0.5788510758704069,-0.5325092281771295,0.6362860284755181,-0.5093182081259405,-0.01161560623014496,1.1687952566526474,1.805081285128165,1.2959640390477296,2.3146406477087114,0.0,-0.34726241463132307,2.7427299970418386,0.4745115818446065,1.6665380509575438,0.9836690203341438,0.25457871924476855,0.11567375339223929,-0.8110024308369024,-0.09276408020475624,-0.2896666923898086,-0.7527234376406735,-0.09268369538655452,-0.35883782845236717,-0.011575413821044102,-0.011575413821044102,-0.011575413821044102,-0.011575413821044102,-3.5652274568815834,-0.023150827642088204,-0.04630165528417641,-0.8334297951151753,-1.3311725894200717,-0.38198865609445537,-8351
WbLcKRyAdI0,-3.2818338103029276,-1.7522966995576728,-0.23817625042531473,-0.11908812521265737,-0.11908812521265737,-0.08506294658046955,0.0,0.0,-1.5311330384484518,2.6776155818720504,-1.728581213888146,-2.005091647744284,-1.225640557502233,-0.3364215598342024,0.9553223231345047,-0.11908812521265737,0.0004787783109594934,-0.7650877409132665,0.7533417130177269,0.2561463963633276,2.0067514125556096,1.7141859460052973,0.3946410024468763,0.44472121377323914,-0.08506294658046955,-0.06805035726437564,0.2594978445400442,-0.03402517863218782,-0.13610071452875128,0.0,0.0,-2.5602829771329096,-1.0698780136700785,-0.28442623526400146,-0.25423128311948967,-0.015097476072255978,-0.3893744410263219,-0.5784280367471929,-0.4233996196585098,0.10303309251848242,-0.06805035726437564,-0.3397730080109187,1.486064040110132,0.6550964036088396,0.980729492169421,0.0,0.7557356045725241,0.9004543286985465,0.2225999960420993,0.8417561077749127,-0.26789242425886695,-0.04864387639348422,0.36109460212564803,-1.2615808493782588,0.0028726698657568495,-0.3704467384663901,-0.9110193700937192,0.6692363230591762,0.854938470603331,-0.06805035726437564,0.10255431420752294,0.0,0.0,-0.4423273222184416,0.0,-0.01701258931609391,0.0,-0.05103776794828173,-0.11908812521265737,-5345
2V2cJvNK2_U,1.0435338676851202,-0.8710426016018773,-0.968054211035818,-0.8435900981883557,-0.13829345871940257,0.0,0.0,0.0,0.1343611527046975,9.574001654514074,-2.8207741812150946,-2.8611576384897055,-0.361669059187685,-2.126788444440124,0.7183306874952233,-0.35956299267044667,-0.6748102220515769,-0.18664462218860367,0.2738622859304889,-0.5670031807495506,-0.8904243046556295,-0.5821432952930593,-0.2903131691455658,0.5380337203341017,-0.25306672003998876,-0.3042456091826857,-0.24023886034407838,-0.08297607523164155,-0.11063476697552206,-0.027658691743880515,-0.7744433688286544,1.0464057765722625,1.9780088363481747,1.874237195226033,-0.0774237180498295,0.8465209180270311,-0.11467016715540668,-1.9014835103091956,0.062386697671500624,0.5629677805696659,-0.21157868242416797,-0.3816693272325152,-0.7245752483575258,-0.10922090413877417,-0.568313949421119,0.0,0.0,2.1108530320509447,-0.044212669124137016,1.5463682944793515,0.28224236878579667,0.38177242139769474,0.3264550379099337,-2.001911954931944,-0.5986972726733157,-0.15191661626098396,-1.8224397410922597,2.2780128570206166,0.4412282992305198,-0.027658691743880515,-0.027658691743880515,0.09266692675851768,-0.1936108422071636,-3.2540347742510245,-0.013829345871940258,-0.013829345871940258,-0.35956299267044667,-0.6499792559811921,-0.5116857972617895,-6292
UUMKX_-MSfc,-5.151515151515149,-0.7754010695187168,-0.249554367201426,-0.27183600713012473,0.08912655971479502,-0.22727272727272727,0.15151515151515152,0.0,-0.606060606060606,-1.0650623885918016,-1.809269162210339,-1.4304812834224598,-1.4483065953654188,-1.0026737967914439,-0.7174688057040992,-0.16934046345811052,-0.28520499108734404,-0.2094474153297683,-0.04010695187165775,-0.03119429590017825,1.167557932263815,0.11140819964349369,1.2165775401069516,0.4099821746880571,0.02228163992869875,-0.17825311942959,0.9714795008912658,0.33868092691622104,-0.026737967914438502,-0.040106951871657755,0.37433155080213903,-0.2985739750445626,-0.4322638146167559,-0.11140819964349369,-0.33868092691622104,-0.2272727272727274,0.6149732620320855,-0.26737967914438504,0.1292335115864527,0.23172905525846704,-0.07575757575757575,-0.21390374331550802,1.1764705882352944,0.2584670231729055,1.1675579322638145,-0.013368983957219251,-0.2896613190730837,3.9126559714795013,0.35650623885918004,1.1408199643493762,0.6327985739750446,0.38324420677361853,1.555258467023173,-1.2655971479500892,0.4901960784313726,-0.6729055258467023,-1.1408199643493764,0.3030303030303032,-0.43226381461675584,-0.040106951871657755,-0.8422459893048129,0.24955436720142604,0.0,-0.5926916221033869,-0.013368983957219251,-0.08021390374331551,-0.08021390374331551,-0.0089126559714795,-0.2807486631016043,-6820
ixvux5TLyAk,-5.682350436448793,0.24918387623305627,-0.10112837981690437,-0.05428997232275923,-0.624512099921936,-0.0156128024980484,0.0,0.0,0.44602938045561014,-0.12641047477113077,-2.4748953232559785,-2.5034596550989994,-0.018185366546021875,-1.6875133063657652,-0.5164644099070328,-0.4215456674473068,0.12561209282520758,-0.33736072670498896,-0.13643460364771842,0.28715137321694706,0.3625541125541125,-0.14184585905897396,0.3930700447093891,0.4140941026186928,0.19143424881129797,-0.0624512099921936,1.1920729543680366,-0.1249024199843872,0.0,-0.0468384074941452,-0.156128024980484,-1.2597580015612806,0.11612021857923516,-0.30542544886807166,-0.08551557731885606,-0.25521609538002976,-0.1323539848130012,-0.5871655666737633,-0.3040948122915337,0.06857213824426944,-0.1405152224824356,-0.1717408274785324,4.063586686537507,-0.4038925555318998,2.678039173940813,0.0,1.9964871194379392,2.297920658576396,-0.07602370307288342,0.5491980696898731,0.867575047902917,0.32449790646511967,0.9551309346391313,-2.5604109005748343,0.9768646653892556,-1.5884252359662194,-1.5076112412177984,-0.07939464906678029,-0.38827975303385137,-0.0312256049960968,1.9082215598609042,-0.234192037470726,-0.078064012490242,-0.9035022354694486,0.0,0.0,-0.1249024199843872,-0.2029664324746292,-0.2966432474629196,-5877
5dxZ5L6QQQ8,-1.7305179345385326,-0.48877637153632625,1.123952308033613,0.15157376995958033,0.06888794498162987,-0.02144082332761578,1.0397784763893925,-0.01072041166380789,-1.6020082679061312,2.267417794395353,-0.8410619497757166,-2.6740494342869203,-0.7677099847952773,-1.1226672113672889,-0.2976013332539722,-0.3216123499142367,-1.082761578044597,-0.23743851827001639,-0.17152658662092624,0.10561465497183609,0.6399443214960148,0.967711608075277,-0.27416522826022266,-0.07504288164665524,0.0474471216540141,-0.04288164665523156,1.9691739128082204,0.0,-0.06432246998284734,0.0,1.0290580647255845,-0.6360890314970424,-0.2298970299386942,-0.20994421327734814,-0.17152658662092624,0.16993712495468338,0.47159665820757424,-0.9021040414261056,0.6353788464972325,-0.001589461666242853,0.12249000330066931,-0.09648370497427101,3.789851523989373,0.2357476016038007,3.399452684093479,-0.01072041166380789,0.1332104149644772,1.7944684028548084,0.23425959493753074,1.3765752579662465,1.6705918478878423,1.2495197796667947,-0.0888407616429758,-0.6530658348258491,-0.0828887349778964,-0.8869196097634879,-0.3540779499055793,1.3887836762963244,-0.056679526651552126,-0.01072041166380789,-0.01072041166380789,-0.02144082332761578,0.10412664830556623,-3.3554888507718696,0.0,0.0,-0.4502572898799314,-0.5681818181818182,-0.2251286449399657,-8694
iIZHVTjz1vg,-1.0073071925616048,-0.4596928343603832,-0.24123512383403023,-0.22515278224509488,-0.0321646831778707,-0.01608234158893535,0.0,0.0,-0.42752815118251264,2.4368644109824658,-0.5159101826018828,-2.6595021133755488,0.80850961327282,0.24445867688379463,0.24523799740132102,-0.24367935636626933,-0.1915711526717232,-0.083883226613654,0.059440901291263254,0.0891613519368949,1.3909454291434704,1.2950890054878337,0.16263002254361725,0.05455243622678507,-0.1730445785505489,-0.13354719777596097,-0.00024796561921247573,-0.05069125729904511,-0.04824702476680605,-0.11257639112254744,-0.22515278224509488,-1.052153545979202,1.222009995139874,0.4930264983145425,-0.11990908871926464,-0.13946294897717726,-0.00835998373345559,-1.1774824546612577,0.15001919962365906,-0.13843566284043907,0.1832111689382679,-0.14474107430041813,0.11310774602086049,-0.24123512383403023,0.4990839441553083,-0.04824702476680605,-0.14474107430041813,2.311500078640525,0.6412390912839376,0.9643028694581453,0.6251567496950022,0.3430072986908833,0.5471892742825646,-2.838710408746527,-0.22720735451857133,-0.734509587767785,-2.5227313625498233,1.6674270945655856,0.26117864435070554,0.013638109056696268,0.23145819370507392,-0.0321646831778707,-0.0024442325322390768,-2.7500804117079447,-0.01608234158893535,0.0,-0.08041170794467674,-0.28948214860083626,-0.24123512383403023,-5310
Qqmh-MVbIBI,-1.1849652963160722,-3.0973198077949813,-0.3073358248798718,-0.5605979711692471,0.0,-0.013347570742124934,0.30665242925787506,0.0,-2.8300266951414845,8.539925253603844,-1.8058515750133473,-3.6324185798184736,0.7805018686599032,-1.683160704751735,1.328948211425521,-0.3603844100373732,-0.3740736785904965,-0.8681046449546184,0.3064815803523758,-0.6273358248798718,0.356625734116391,-0.24213561131874006,0.4789749065670047,0.4262680192205019,-0.06690870261612386,0.0,1.5038334223171383,-0.00017084890549920462,-0.06673785371062467,-0.053390282968499736,-0.22725040042712225,0.17746930058729404,0.8910411105178859,0.30426054458088636,-0.4539882541377469,0.012664175120128185,0.572066203950881,-1.1624345969033634,-1.0284463427656165,-0.08059797116924716,-0.14699412706887346,-0.13347570742124934,0.6247730912973839,-0.013689268553123302,0.17266417512012822,0.0,0.7322370528563802,3.1700587293112656,-0.18703683929524825,1.026054458088628,1.0660971703150026,0.26592632140950345,1.852066203950881,-2.1660651361452214,-0.2813240790176188,-0.42831820608649207,-1.6968499733048583,0.6788467698878804,-0.027378537106246603,-0.0400427122263748,0.5592311799252536,0.0,0.0,-4.805125467164976,0.0,-0.06673785371062467,-0.30699412706887347,-1.0411105178857447,-0.6540309663641217,-6867
q7x7IWPIAgw,-2.056951640934848,-2.828379402125255,-1.3088587390263369,-0.44692737430167595,0.0,-0.6703910614525139,-0.09577015163607343,0.0,-1.5195206630989178,6.220468506717552,-1.988675571184149,-3.466847079699078,1.3476421394068785,-0.17863050843795536,0.17917066721762875,-0.09577015163607343,-0.22983756075098274,0.5811028151725198,0.16283086413251174,0.0830224044357839,2.89903217050652,0.3927764566394292,2.697796017139238,0.1404952985930214,1.1270142858493255,-0.006373873600144769,-1.1140504751371665,-0.12769353551476456,-0.17557861133280128,0.0,-0.11173184357541899,-1.1074065221471852,-0.849129601646404,0.5492334471717963,-0.16599079299360045,1.6218807518470053,-0.7469855764101858,-0.8746791119249502,-0.3032181309695985,-0.08296838855781663,-0.17557861133280128,-0.07022064135752704,7.968962476519972,3.141617478457793,5.047594740473962,0.0,1.376081499156677,4.249510143506684,-0.3734927882050929,2.171006167262867,0.32250179940393486,0.012801763078256811,2.8126877895757456,-1.9501622501934444,-0.050990988801158155,-0.4500332872847974,-2.1418646010994933,0.12137367779258712,0.8333299573409603,-0.07980845969672785,0.4437674454405872,0.0,0.07343458609658308,-5.698324022346369,0.0,-0.07980845969672785,-0.12769353551476456,-0.4948124501197127,-0.39904229848363926,-5674
Wk2J6vZLItM,-2.139086863510002,-1.1353917609508883,0.10877100660084885,-0.013956734124214934,-0.055826936496859735,0.0,0.0,0.0,-1.2581195016759523,2.3499937080296966,-0.27098944092983857,-1.5930811206571105,0.5431228764600231,-1.5275073501653071,0.2525024881882558,-0.40895518973150446,-0.21424730875270281,0.07907290677587997,0.2970725178177159,-0.39078855547801816,0.38566345966847004,0.288423918639104,0.2633933167835447,0.1645979430977086,-0.012629700387814163,-0.013956734124214934,0.031436971617493814,-0.013956734124214934,-0.027913468248429867,0.0,0.05161703636758835,0.14212988914692382,1.0606660336563212,0.946586892109869,-0.1466601077642914,-0.060265635546200236,0.6428792056101494,-0.9995767219978722,-0.7833617425325754,-0.19983297678834955,-0.10190703899877591,-0.5848557994806265,0.08039994051228083,0.09614130621303468,0.09170260716369416,0.0,0.0,1.2086531751570133,-0.08241337100888885,0.7698168464644846,0.4295470925377232,0.11563497420292174,0.3065905528925903,-0.405706245066523,-0.6032512326541818,-0.27982107924450617,-0.043242995893059355,1.1406541361124776,0.08506743848169036,0.0,-0.07820347087961743,0.03766030224337341,-0.14245020763501998,-1.8549186047841852,-0.013956734124214934,0.0,-0.09769713886950454,-0.22751764611671033,-0.0418702023726448,-5640
VJXVjj8L4Go,6.481716884819356,-2.1648757622102606,-0.4260432597771466,-0.14201441992571553,-0.043696744592527856,-0.010924186148131964,-0.010924186148131964,0.0,-1.7497566885812461,12.407045106957714,-0.7527757363894567,-2.26959898305758,1.5527240947822118,-0.7905634893836773,0.8599817268158976,-0.600830238147258,-0.7668282122072815,0.18809462331419946,0.26883429002721115,-0.5155719308002463,1.0364073331082286,1.1192821816592846,0.24485073589290318,0.2797584761753431,0.1508034242358035,-0.07646930303692374,1.294317436987308,-0.06554511688879179,-0.1857111645182434,-0.032772558444395895,-0.1857111645182434,4.277861640216895,3.0139333028780264,1.4142352076588476,-0.34957395674022285,0.02636701293026389,0.7081851947484457,-0.7668282122072815,0.3588595149661349,0.028502194768307954,-0.5462093074065982,0.3431684112260909,3.5672929866724927,0.17503525532802366,2.067551194708721,0.0,2.146403956541601,3.8881164716864958,0.7430929350308857,2.082745744532941,2.0084116233340614,0.20328917313841938,0.28854748048543105,-0.6169185850199614,0.8525830734701176,-2.0425745327427647,0.3918803503684427,1.016445865692097,0.5267443939062904,-0.032772558444395895,0.22300236359663927,0.0,0.0,-6.030150753768845,0.0,-0.07646930303692374,-0.61175442429539,-1.179812103998252,-0.5243609351103343,-8714
9cXvJEd_mCA,-3.3199914192435855,-0.9468715280754737,-0.0500010494706221,0.010761520786099751,-0.06076257025672186,0.0,0.0,0.0,-0.9576330488615734,0.932036638264556,-1.4696501989903026,-0.9538264944016968,0.7400190896927388,-1.0139664973402147,-0.11640230086650671,-0.2734315661552484,-0.05314946133696874,0.05128175938235646,-0.24747940280496816,-0.013287365334242185,-0.732921822265213,-0.8639633489283483,0.1614228117914962,0.5196658343238083,-0.1367157830776242,-0.10633449794926325,-0.2139141305349348,0.08671473360700208,-0.015190642564180465,0.10190537617118253,-0.03038128512836093,0.5697380343450824,0.43423181062854077,-0.010103378192569679,-0.3949567066686921,0.6456200966153327,0.8101913202731754,-0.32595846017401287,-0.37405623241469677,0.023426318802137747,-0.44938687791739484,0.0670949692647409,1.735023965284224,-0.5810153966234082,2.2837547995493326,0.17342946721400415,0.022803751483933654,2.0811891818433756,0.006332399008019046,1.3912422921719099,0.0386169613663182,0.012664798016038092,0.5171399897756659,0.37416295824067447,-0.1094829098156096,-0.11896372068997563,0.04498493564966344,0.01647135247591458,0.11647345141715892,0.0,-0.0455719276925414,0.0,0.08671473360700208,-0.6645817183640638,0.0,0.0,-0.1670970682059851,-0.20633659689050746,-0.15190642564180465,-5729
gEhuVWEMZbM,-2.4129467156806967,-0.7436078725023616,-0.2052264331645916,-0.1641811465316733,-0.13681762210972773,-0.013681762210972774,0.0,0.0,-0.498134938223157,-0.0608920345108146,-1.2666075701927646,-0.6871808442220773,1.9608955573597644,-0.8973023988962834,-0.6404416505612387,-0.19154467095361882,-0.11344802527930864,-0.2816230994025084,0.05073312125236462,-0.04184407215122363,0.8355910971872094,0.2729388671009332,0.41375041680218705,0.18834952888039758,-0.27443402973776077,0.026564738903640236,-0.48285560497557345,-0.013681762210972774,0.0,-0.013681762210972774,0.0,2.3455824703036123,0.9030987143239857,1.3103564385799475,-0.3702063652145702,0.18435560128887118,1.2032986974470816,0.361419724513212,0.47736651474721903,0.44670543985226974,-0.19154467095361882,0.06601245449994797,-0.27252923350180147,-0.0876820718939737,0.8282996191226797,0.0,-0.7330188439648264,1.8424500021710584,-0.19154467095361882,0.5924121110631384,0.15699207686692573,0.7163467564801987,0.8097227354020922,-1.498398742260997,0.22699845895839998,-0.30898662382445385,-1.4164105773949431,-0.11344802527930864,-0.2534607894622576,0.0,0.12073950334383904,0.0,0.20362886212798098,-0.35652460300359745,0.0,-0.013681762210972774,-0.12313585989875496,-0.0007987855183053116,0.0,-6641
PipM3s4gr1Y,-6.108382254244187,-0.3790476095380264,-0.2092871157619359,-0.14388489208633093,-0.06540222367560497,-0.026160889470241987,0.0,0.0,-0.30056494112730037,-1.402988246856662,-2.557505101302125,-1.4249126127867409,-0.5598915335858612,-1.0851063374540777,-0.9879943769778459,-0.2616088947024199,-0.6190459548688996,-0.043078454852852,0.4188595193043543,0.05246442283072522,-0.1295206523390391,0.3278669817194724,-0.3309908829157552,0.23132559680420628,-0.30085022890778285,-0.11772400261608895,-0.7758686478001103,-0.06540222367560497,-0.013080444735120994,0.0,0.0,-0.40249826509368436,-0.9500368377846546,0.9518912083577908,-0.3618447563749338,-0.10862332241869832,0.017916072614298617,-0.09540023379333595,-0.29572931324812246,-0.09127782536536444,-0.10023586167251387,-0.35317200784826686,1.471985096566348,-0.3095229774344498,0.6939767904126188,0.0,1.4452536315351407,2.112784244697035,-0.008672748526666926,0.7593790140882238,0.5412765059093797,0.03085387345917856,0.9210373348986125,-1.829693180124286,0.11829457817705391,-0.5139744653172078,-1.5952436821237965,-0.1261114633622733,0.06127981524763332,0.0,0.5324611134924717,0.0,-0.026160889470241987,-1.4388489208633093,0.0,-0.026160889470241987,-0.3924133420536298,-0.1962066710268149,-0.27468933943754087,-6728
nTSVJ0eNGVE,-3.518873475613603,-0.9374234492233173,-0.00847808307294795,-0.18713113574204693,-0.014394702749388226,0.0,0.2506265664160401,0.0,-0.8612108939399021,0.7703150203131273,0.005736234930207473,-2.9857102811729197,1.7422821484400508,-1.1863724374993914,0.5983903186785158,-0.3454728659853174,0.08292286784328029,0.144740720377307,-0.05166219132111266,-0.9542894229960969,2.5230414455600645,2.084490050518552,0.3606612616181305,0.1888087138820132,0.2463875248795661,0.13546894442093427,-0.029763483128434576,-0.02878940549877645,-0.02878940549877645,-0.014394702749388226,0.22183716091726363,1.640545151564675,2.3342327316780507,0.2826809358216327,-0.2387933270631596,-0.13043621000103556,1.0608787695451383,-0.4886262005957749,-0.21848200463733103,-0.133791366280968,-0.09484629956927731,0.05333976946107892,4.01072856316695,-0.0575788109975529,3.9184437269941808,0.0,0.27517693037834257,1.6975106544250358,-0.21592054124082338,0.30476002876054387,1.518947794129054,-0.0169561661458959,0.25398172269597263,-1.2821928146983268,-0.27438323749491766,-0.36331291738775473,-0.6097906346404369,2.0277951247775405,0.16001930838323675,-0.014394702749388226,1.139652788225061,0.0,-0.08636821649632935,-3.7468617563774127,0.0,0.0,-0.12955232474449402,-0.3310781632359292,-0.4606304879804232,-6149
n1XJ9pZEXFY,-3.788241277974528,-2.228355059905056,-0.15164644714038128,-0.11915077989601386,-0.03249566724436742,-0.010831889081455806,0.0,0.0,-1.7069173385577576,1.5449099540351128,0.2548790596036472,-3.388874237058247,0.21126893225830745,-0.23076633260492807,-0.3300429507949669,-0.5415944540727903,-1.050693240901213,-0.05114535453243918,0.9685592645618266,0.24131565066686755,3.100369226132168,2.78172330645769,0.4161329214075804,0.7070868811694673,0.2831361615552709,-0.05415944540727903,-1.3509720443071358,-0.021663778162911613,-0.010831889081455806,-0.010831889081455806,-0.06499133448873484,0.9027202170145436,2.031308868962399,0.3818476377062767,-0.06348428905131492,-0.5277484741164947,0.2861502524301107,0.377326501394017,-0.2367945143546078,-0.3141247833622184,-0.09748700173310225,-0.06499133448873484,5.778577349107076,-0.3466204506065858,6.276844246854043,-0.021663778162911613,-0.12998266897746968,1.8595056890965265,-0.30329289428076256,1.0257328008439452,1.7653153492577802,0.48112425589631524,0.012338934518875744,-0.3408748398764221,0.1221648707708537,-0.34209931429432605,-1.2613028407806495,2.497080099464999,-0.09748700173310225,-0.021663778162911613,-0.45493934142114384,-0.010831889081455806,-0.010831889081455806,-2.8271230502599654,-0.03249566724436742,0.0,-0.08665511265164645,-0.43327556325823224,-0.32495667244367415,-9002
-3Vm7uZ0C38,0.7763572263148362,1.3040884354078766,-0.21715526601520088,-0.15683435878875618,-0.08444927011702257,-0.04825672578115575,0.0,0.0,1.5091795199777884,1.747535637143418,-0.3608866488702285,-1.1824078264665479,-0.30601941270809263,0.4663242894468631,0.3481141984555487,0.3458005198222056,-0.8176965251616093,-0.7185152604812592,0.27341543115047195,-0.0965134515623115,2.1832627071126023,1.1110615322832536,1.180778807836949,0.9355524816682284,-0.20509108456991193,-0.0965134515623115,-0.07250313349996551,-0.06032090722644468,-0.036192544335866814,0.0,0.0,1.565085550628365,0.8697779033774748,1.149921889737159,-0.04698184163625241,-0.25740855244224126,0.5065775758739035,-0.6367338034822753,-0.5898700066742546,0.0562601651352711,-0.04558891266311729,-0.009396368327250493,1.341437819060415,-0.42897490579432485,2.0386105745973664,0.0,0.5561091857999627,2.9593130168740363,-0.2533478103510677,1.424730249860766,0.6875402975532374,0.3002116071590883,1.3161526168531656,-2.246841651598244,0.04280305471684698,-0.4156358402041327,-2.064367956117543,-0.423639279558248,0.20369815559677673,-0.012064181445288938,-0.8270928934888597,0.0,0.0,-0.8324285197249367,0.0,-0.024128362890577876,-0.07238508867173363,-0.15683435878875618,-0.31366871757751236,-7778
7Ia8RWaT-SI,-0.8420952102940582,0.09409670229079159,0.08256436037847703,0.1091247853452765,0.0,0.0,0.0,0.0,-0.08142914547148361,0.2995706004566081,-0.7345200833932473,-0.13227956559109555,-1.4736711228356585,-0.38399094711159876,0.2573874560554712,-0.09296148738379814,-1.2708820980213025,0.33829404228405235,-0.17264276228419656,0.045606808406356475,0.8868010544885139,0.7736579687581651,0.13970351069714815,-0.17264276228419656,0.1680118062350327,-0.0796812749003984,0.9035770081140837,0.0,-0.013280212483399735,-0.013280212483399735,-0.013280212483399735,-0.14101891844652137,-0.2748661617663223,-0.3932528592099265,0.019046383439557002,0.2857858480145452,-0.3499164806175569,-0.015028083054484886,-0.22751148278888067,-0.21248339973439576,0.25809020814075223,-0.18592297476759628,6.231987472993598,0.24306212508626723,5.105620034560987,0.0,1.2043008427619242,0.9479585051922572,-0.0796812749003984,0.9255064770317194,0.2736408504381389,0.3683502083930221,-0.3366362681341572,0.035642144222747696,-0.1126205264874468,0.229169256938776,-0.29050690048489924,1.055425516387638,0.11489095630143376,-0.013280212483399735,-0.11952191235059761,0.30081393106903004,0.1091247853452765,-0.2361607392231166,0.0,0.0,-0.02656042496679947,-0.06640106241699867,-0.02656042496679947,-6793
RRY0IcjuvAk,1.0207572872708042,-0.47592601606844775,-0.15035149114927987,-0.36061632608458094,-0.13113320948530216,0.0,0.2130283396709241,0.0,0.03767905441565267,7.628549613116348,-1.7956748766137216,-2.0601997943784145,-1.3239011316201186,-1.9153753127003805,0.7087898668874475,-0.3496885586274724,-0.3689068402914502,-0.5218955846909694,0.0600395952714049,-0.8223460640187616,0.3381295337434449,-0.16693251956301847,0.40131138820662415,0.09282289764273044,0.05727609053578181,-0.054638837285542564,-0.5414926208110988,0.0,-0.14206097694241065,-0.010927767457108512,0.19117280475670706,-3.2444246993355943,0.7803884870428801,-0.6150972367898511,-0.22948311659927878,-0.8278730734900077,0.36300107636405254,-2.3987080825780107,0.4641144882136523,0.6991246142841772,-0.1666800165922508,-0.024619039649840108,1.1031995072264245,0.6363215142771492,0.696361109548554,0.0,-0.1748442793137362,1.6951786942482205,-0.1176944402633382,0.40934939944272597,1.6029870540324092,0.7263809071842566,0.2621401674852205,-0.44980598653682247,-0.9699340504324183,-0.333738787640653,0.17094451120965903,1.0401439042486291,0.08189513018562194,0.0,-0.024619039649840108,0.08465863492124502,0.03001979763570245,-3.6061632608458094,-0.010927767457108512,-0.010927767457108512,-0.31690525625614685,-0.4917495355698831,-0.18577204677084472,-8372
DGiLsAqY7X0,-1.7779150183883843,0.264404545755216,1.6504728928157015,-0.18252383010106965,-0.21259930625489537,0.0,1.6574585635359116,0.0,-1.4196366585744162,3.5362330667032644,-1.6601786477101528,-2.516201501362824,-3.0141005454386973,-2.241380269622162,-1.0783279148020184,0.4147201064294753,0.1657705843915387,-0.21188837516390058,0.06364378766775658,-0.5259035470515833,0.7595216855619786,-0.7196168143239632,1.3259792148477032,-0.15665212039834397,-0.16784155756965424,-0.08951549737048227,5.982979691480635,0.5378039153138885,1.0042674411488153,0.3734551931043394,1.6127008148506705,-1.2265725022981622,1.2294780467570106,0.6021586340726397,-0.29092536645406736,-0.9657844320927895,0.2993328993562674,-1.4357407932878214,-0.3573510583909342,-0.3356831151393085,0.10490870099289257,0.007696601811205128,0.38257365709753444,0.5455005171250936,0.12450567106640276,0.5713722268278193,-0.044757748685241135,6.334056010242353,1.7735567017001146,2.0798752717765923,1.1959097352430799,0.7357209490373684,0.9413345845720534,-1.044697783193218,0.6021586340726397,-0.7629527008272146,-0.10342501871603371,6.045912548057396,-0.15665212039834397,0.20910647089479023,-0.30560763898548277,-0.011189437171310284,-0.1902204319122748,-1.6336578270113014,0.0,0.0,-0.12308380888441312,-0.2573570549401365,-0.07832606019917199,-8575
k_kl8-WrwPw,-1.8037255740385802,-0.6932290251081832,-0.6311669006619383,-0.40353364598102304,-0.07634420329370706,-0.04362525902497546,0.07774355849391294,0.0,0.1479565663228004,7.939191236170188,-3.4156096485685317,-2.8666728988465273,0.42316789781071584,-1.8865039259847856,0.2768992135335244,-0.09395876720557711,-0.7947616220055962,-0.014815853511458199,0.4977809400320034,-0.6652852001308758,-0.39176175068856933,0.6865640549793675,-1.0360999018431671,-0.09815683280619479,-0.39262733122477916,-0.17450103609990184,-1.1896106099399808,-0.22903260988112117,-0.2726578689060966,-0.08725051804995092,-0.35850903175584165,0.22434404864331814,1.1446292747416098,1.7595809666918838,-0.3803216612683294,0.6616641882210645,-0.3529116109550181,-1.6004295587674364,0.47094794340949875,0.8470715390772103,-0.2807654732619287,-0.06263917813705144,3.9187860406095765,-0.4239469202933049,4.462702423221564,-0.03271894426873159,-0.10906314756243865,3.335153937727828,0.049222679825798976,0.544493436302794,2.604964623723485,0.579722564126534,-0.15128905138720822,-0.3483817394821864,0.19129329850237253,-0.0947810687149766,-0.9342787781003512,2.8219800904935597,-0.05173286338080757,-0.07634420329370706,-0.04222590382476957,-0.08725051804995092,-0.15268840658741412,-3.510433996310319,-0.010906314756243865,-0.010906314756243865,-0.41443996073726685,-0.6529795301744261,-0.5780346820809249,-8413
Sjc2th58Sck,2.3883952963138135,-2.158106882264213,-0.6634033726325173,0.1856241049840311,0.3091190108191654,-0.07718431614695893,-0.33961099104661935,0.0,-1.355580867451505,10.80756983689415,-2.1887897356073323,-3.657582219787529,-0.024193167410515137,-0.677885870283585,2.277617311809844,-0.46310589688175363,-0.3853489613878002,0.387639438775778,0.7112409472460111,-0.6172836560600068,-0.35275737688803344,-0.30740115277818214,-0.06098396045490795,0.07737518926262375,-0.12330403271946949,0.03106459957444839,-1.3104155164573188,-0.015436863229391787,-0.33961099104661935,0.0,-0.09262117937635073,0.8107335587862954,0.8987737833866905,0.4806423643834583,-0.44747816053669703,-0.24641719232327414,0.9591851244946037,-0.5858373102542287,-0.632147899942404,-0.37029384438973806,-0.47854276011114544,0.2629992942466548,6.898202118405274,4.191024859791767,3.928598184892107,0.0,1.4546917327604594,0.8210168478927371,0.04650146280384017,1.1289906200179134,0.32512849339555167,0.32474674716422197,0.04688320903516979,-1.321653171142084,-0.6165201635973474,0.4823602224244419,-1.727974316113556,-0.4775883945328212,0.24756243101726302,0.0,-0.07718431614695893,0.0,0.0,-6.159308428527323,-0.015436863229391787,-0.07718431614695893,-0.9725223834516826,-1.5436863229391788,-0.5557270762581044,-5831
pS-ACkqcWmA,-4.411040109028697,-1.547654786922274,-0.5553887721404983,-0.16511558090663464,-0.03002101471029721,-0.03002101471029721,-0.07505253677574301,-0.03002101471029721,-1.0523080442023702,1.658827846158978,-2.2480021729496364,-1.970188655868632,-1.2869961353900115,-0.9622450000714786,-0.8628897371016855,-0.4717111501860827,-0.9006304413089162,0.5215555650860364,0.3711169247044359,-0.9156409486640649,0.6742338684698335,0.25999151787203423,0.3305647286433837,0.21238676597427722,-0.20152201779340778,-0.015010507355148604,-0.9539534817229205,-0.06004202942059442,-0.10507355148604022,0.0836776219544157,-0.22515761032722906,2.8099669768838185,2.0318985194397987,2.0363778454441914,0.3110748952838415,1.3816338103339005,0.03450034071469077,-0.49501317588978955,-0.44807555765226137,-0.02139592953162453,-0.18012608826178325,-0.3302311618132693,-0.24588640619862456,-0.5681596164934501,0.7147860645308859,0.0,-0.2979704841007753,2.536537480998603,-0.1865115104382592,1.06641315587578,0.1977098254492431,1.02776705598681,1.445821598928774,-1.5080079865429603,-0.44998165382434374,-0.7284623045655767,-1.2301944694619564,1.014996211633858,-0.15010507355148603,0.0,0.1909908364426527,-0.22515761032722906,-0.3602521765235665,-3.0021014710297207,-0.07505253677574301,-0.06004202942059442,-0.19513659561693186,-0.7505253677574302,-0.25517862503752625,-6032
M0ce323R1Sg,-3.095215591517153,-1.7632301332259417,-0.2107424545023684,-0.2669039145907473,-0.02965599051008304,0.0,0.0,0.0,-1.4518422328700697,3.7717899616184347,-2.213069730616762,-3.094599185247892,-2.858447094534805,-1.053335579791737,-0.11341875354433562,-0.370699881376038,-0.6524317912218268,-0.8281418227544319,0.30731277002019075,-0.5073023596031987,2.8803637618863673,1.3289719165303726,1.572520882474611,0.2691298261186404,0.1123229201767579,0.15050586407830824,0.4190877735131595,0.17163490119692398,-0.01482799525504152,0.08581745059846199,-0.05931198102016608,0.6871217662642222,1.5248863757776994,0.6064752793690191,-0.18108646399228534,-0.12584961330780042,0.26505469578295915,-1.0981962582769667,0.2587536539193851,0.31046329095197783,-0.18108646399228534,-0.09841953432561046,2.9018694917250887,-0.629076842575318,3.128364550886392,0.0,0.24800078900002465,4.119991014166385,0.21519427755815457,2.0047586563987077,1.9634251915653704,0.4461411597752446,0.8181423432752815,-1.897777923888893,-1.0779918305622447,-0.2548497475473879,-0.8170122651149665,-0.24539818475202657,-0.5729153824869391,0.12715091543179943,-0.11862396204033215,0.0,0.0,-4.113655727510075,0.0,0.0,-0.11862396204033215,-0.5814423358784063,-0.6672597864768683,-5878
j5mg3WLG4rk,-1.0537548445748754,-1.7607138869838435,-0.7429245283018868,-0.5306603773584906,-0.00980876887988645,-0.01179245283018868,-0.01179245283018868,0.0,-0.7386282077864079,7.03620671781049,-2.6664201183431953,-3.118719995534219,-0.5371696518285782,-1.8727970143064483,-0.2524960525686213,-0.14933451889184837,-0.052791910556787114,-0.2258209859806377,0.25755992918547344,-0.6367924528301887,-0.1271850428236494,-0.30440078789135394,0.2106094196079682,0.4050204149986443,-0.013666485908866155,0.03934472639117051,0.22074714110272886,-0.05697858020064116,-0.04716981132075472,-0.0589622641509434,-0.4363207547169811,1.0866600743233539,1.6103825419863154,1.4039597920222016,-0.35377358490566035,0.20862573565766596,-0.19826871241965582,-0.5540259812756185,0.4268409384519689,-0.10216470757109367,0.3500255187483054,-0.07659611796041405,2.1216446833282823,-0.1709357406019235,2.3849363626214135,0.0,-0.10414839152139589,2.1749848482431933,-0.2358490566037736,1.1876186223065759,1.3765171693328444,0.23794239142570062,-0.0018740330786775061,-2.388694397039826,-0.5382661605448251,-1.2044849200146732,-1.691613901338139,1.9504896409831096,0.04132841034147272,-0.01179245283018868,-0.03537735849056604,-0.02358490566037736,-0.08838857079060275,-2.674903108502528,-0.03537735849056604,0.0,-0.2830188679245283,-0.37735849056603776,-0.31839622641509435,-7297
C0gIZMD40NA,-2.8656118835479774,-1.6243257836686493,-0.19245161980113332,-0.1176093232118037,-0.010691756655618518,-0.021383513311237036,0.0,0.0,-1.4104906505562793,2.18732494617403,-0.35267004117668677,-2.6907061155110856,-0.3006957854106007,-0.8168533670584293,0.0476943945346644,-0.7163476959264408,0.1639929115390586,0.046383588327254976,0.1437622759765072,-0.25183272028137793,2.368626816789248,2.249375037606714,0.21547758908310066,0.019409407577186344,0.2593974934542602,-0.19245161980113332,-1.3736459411359574,-0.010691756655618518,0.0,-0.12830107986742223,-0.19245161980113332,0.7428165056085927,0.7643737402244257,1.1112793926576847,-0.26729391639046296,-0.4268490382393756,0.7267078028187387,-0.2248585395313094,-0.07599517433801517,0.09030349269841464,-0.2352186464236074,0.1544540326321257,3.3437087066433087,-0.835931124872295,2.9931864925052682,-0.03207526996685556,0.5342561830176054,4.407293704766328,0.15642813836617642,2.739221738031115,1.7353494901516604,0.20001639297401552,0.45267034124075856,0.2881720586337826,-0.8351098968869299,-0.35118551366468087,0.4705952213059388,1.5729990345833316,-0.16037634983427776,0.0,-0.26729391639046296,-0.010691756655618518,-0.05543288901214327,-2.801240243772052,0.0,0.0,-0.12830107986742223,-0.38490323960226663,-0.36351972629102963,-8676
IQ2yOgnNyBo,-3.5077026449967477,-0.8907487546281063,0.19350606077539012,-0.16874004444085716,-0.06084575600851841,-0.030422878004259205,0.0,0.0,-0.963977518803891,5.529996198864904,-4.620379740984722,-1.1687973029187337,-0.29819249472428666,-2.4062357931713403,0.815070983266037,-0.456343170063888,-0.5518544503289603,0.10754935784272135,-0.10789428843233873,-0.09268284943020916,1.053142076220002,0.6703726009215165,0.42840379230487446,-0.076057195010648,-0.21296014602981442,0.13548873560173486,0.364729605461493,-0.1369029510191664,-0.015211439002129602,-0.152114390021296,-0.1673258290234256,1.3623378567530855,0.3219237192899673,1.9258509610111154,-0.1867799142778499,-0.3236828652970164,0.3841836907159173,-0.944523433549467,-0.3388943042991458,-0.2738059020383328,-0.0014142154174315302,-0.09268284943020916,3.6398110608202314,-0.4881802634855788,4.50155115286151,0.0,1.6810537215596106,1.5784713642073802,-0.10648007301490721,1.9852825016022029,0.7948925437734167,-0.30988564171231814,-0.005656861669726121,-1.3113571156076262,-0.42874872289449195,-0.7619861655239115,-0.6668198158484566,1.0050242589683678,0.40505199138777304,0.0,0.12027729659960527,0.0,0.0,-2.9662306054152725,0.0,0.0,-0.44113173106175846,-1.3842409491937937,-0.608457560085184,-6133
bfDsYQAmNvU,-5.658762719352659,-1.991006022034627,-0.4363389516465361,-0.30597630646995394,-0.02370229912301493,0.0,0.0,0.0,-1.5191136217035688,1.5694455441612014,-2.254993924835083,-2.2765168504261126,0.5537027298394408,-2.3228382097568363,-0.10455834672981812,-0.460041250769551,-0.5677848357384245,-0.22194791632546795,0.002153582129240203,-0.5095994311448211,0.8510904991951791,0.3781406513515597,0.5419031630834241,0.05386534463375048,-0.11635791348583445,0.02585588125225513,-0.7962063941529856,-0.02370229912301493,0.0,0.061409329936777536,0.0,2.4940157497780007,0.8823367836212213,1.6774341474561556,-0.18531122872563907,0.7940012292182546,0.3102705750270617,-0.23918946906076233,-0.35124021828811625,0.04847494145996367,-0.5171434164478481,0.09157237544751307,3.169582857589417,0.9426886660454377,2.3712615684113088,0.08511162905979247,-0.05925574780753733,2.8420578341256886,-0.07649730054283166,1.2141818670448032,1.1926331500510283,0.3372096951946232,0.7487631088028379,-1.0149690722393974,-0.3867936669726386,0.383518158823974,-1.2401022268039217,0.1756007655919991,0.23378617018560266,-0.0355534486845224,0.049558180375270065,0.0,-0.0711068973690448,-2.581397022279387,0.0,0.1088139281828074,-0.29627873903768664,-0.4503436833372837,-0.20146954254562693,-7519
